Make;Model
9ff;Autre
9ff;F70 Etronic
9ff;F97 A-Max
9ff;GT9
9ff;GTronic
9ff;GTurbo
9ff;Speed9
Abarth;124 Spider
Abarth;500
Abarth;500C
Abarth;595
Abarth;595 Competizione
Abarth;595 Turismo
Abarth;595C
Abarth;695
Abarth;695C
Abarth;Autre
Abarth;Grande Punto
Abarth;Punto EVO
Abarth;Punto Supersport
AC;Ace
AC;Autre
AC;Cobra
ACM;4 WD
ACM;Autre
ACM;Biagini Passo
Acura;Autre
Acura;MDX
Acura;NSX
Acura;RDX
Acura;RL
Acura;RSX
Acura;TL
Acura;TSX
Acura;ZDX
Aixam;400
Aixam;500
Aixam;A.
Aixam;Autre
Aixam;City
Aixam;Coupe
Aixam;Crossline
Aixam;Crossover
Aixam;GTI
Aixam;GTO
Aixam;Mac
Aixam;Mega
Aixam;Roadline
Aixam;Scouty R
Alfa Romeo;145
Alfa Romeo;146
Alfa Romeo;147
Alfa Romeo;155
Alfa Romeo;156
Alfa Romeo;159
Alfa Romeo;164
Alfa Romeo;166
Alfa Romeo;1750
Alfa Romeo;2000
Alfa Romeo;33
Alfa Romeo;4C
Alfa Romeo;75
Alfa Romeo;8C
Alfa Romeo;90
Alfa Romeo;Alfa 6
Alfa Romeo;Alfasud
Alfa Romeo;Alfetta
Alfa Romeo;Autre
Alfa Romeo;Brera
Alfa Romeo;Crosswagon
Alfa Romeo;Giulia
Alfa Romeo;Giulietta
Alfa Romeo;GT
Alfa Romeo;GTV
Alfa Romeo;MiTo
Alfa Romeo;RZ
Alfa Romeo;Spider
Alfa Romeo;Sportwagon
Alfa Romeo;Sprint
Alfa Romeo;Stelvio
Alfa Romeo;SZ
Alpina;Autre
Alpina;C1
Alpina;C2
Alpina;Classe B (tous)
Alpina;Classe D (tous)
Alpina;Roadster (tous)
Alpina;XD3
Amphicar;Autre
Amphicar;Typ 770
Ariel;Atom
Ariel;Autre
Ariel;Nomad
Artega;Autre
Artega;GT
Artega;Scalo
Aspid;Autre
Aspid;GT-21
Aspid;SS
Aston Martin;AR1
Aston Martin;Autre
Aston Martin;Cygnet
Aston Martin;DB
Aston Martin;DB11
Aston Martin;DB7
Aston Martin;DB9
Aston Martin;DBS
Aston Martin;Lagonda
Aston Martin;Rapide
Aston Martin;V12 Vanquish
Aston Martin;V8
Aston Martin;Vantage
Aston Martin;Virage
Aston Martin;Volante
Audi;100
Audi;200
Audi;50
Audi;80
Audi;90
Audi;A1
Audi;A2
Audi;A3
Audi;A4
Audi;A4 allroad
Audi;A5
Audi;A6
Audi;A6 allroad
Audi;A7
Audi;A8
Audi;Allroad
Audi;Autre
Audi;Cabriolet
Audi;Coupe
Audi;Q2
Audi;Q3
Audi;Q5
Audi;Q7
Audi;QUATTRO
Audi;R8
Audi;RS
Audi;RS Q3
Audi;RS2
Audi;RS3
Audi;RS4
Audi;RS5
Audi;RS6
Audi;RS7
Audi;RS7 Sportback
Audi;S1
Audi;S2
Audi;S3
Audi;S4
Audi;S5
Audi;S6
Audi;S7
Audi;S8
Audi;SQ5
Audi;SQ7
Audi;TT
Audi;TT RS
Audi;TTS
Audi;V8
Austin;Autre
Austin;Estate
Austin;Healey
Austin;Maestro
Austin;Metro
Austin;Mini
Austin;Mini Moke
Austin;MK
Austin;Montego
Autobianchi;A 1000
Autobianchi;A 112
Autobianchi;Autre
Autobianchi;Y10
Auverland;A3
Auverland;A4
Auverland;Autre
Baic;Autre
Baic;B40
Baic;Senova X25
Baic;Senova X55
Baic;Senova X65
Bedford;Astramax
Bedford;Astravan
Bedford;Autre
Bedford;Beagle
Bedford;Blitz
Bedford;Brava
Bedford;CA
Bedford;CF2
Bedford;Chevanne
Bedford;Dormobile
Bedford;HA
Bedford;KB
Bedford;Midi
Bedford;MW
Bedford;Rascal
Bedford;TJ
Bellier;Asso
Bellier;Autre
Bellier;B8
Bellier;Divane
Bellier;Docker City
Bellier;Jade
Bellier;Opale
Bellier;Sturdy
Bellier;VX
Bentley;Arnage
Bentley;Autre
Bentley;Azure
Bentley;Bentayga
Bentley;Brooklands
Bentley;Continental
Bentley;Eight
Bentley;Flying Spur
Bentley;Mulsanne
Bentley;Turbo R
Bentley;Turbo RT
Bentley;Turbo S
BMW;2002
BMW;Autre
BMW;i3
BMW;i8
BMW;M1
BMW;Série 1 (tous)
BMW;Série 2 (tous)
BMW;Série 3 (tous)
BMW;Série 4 (tous)
BMW;Série 5 (tous)
BMW;Série 6 (tous)
BMW;Série 7 (tous)
BMW;Série 8 (tous)
BMW;Série M (tous)
BMW;Série X (tous)
BMW;Série Z (tous)
Bolloré;Autre
Bolloré;Bluecar
Bolloré;Bluesummer
Bolloré;Blueutility
Borgward;Arabella
Borgward;Autre
Borgward;BX 7
Borgward;Hansa 1100
Borgward;Hansa 1500
Borgward;Hansa 1700
Borgward;Hansa 1800
Borgward;Hansa 2000
Borgward;Hansa 2300
Borgward;Hansa 2400
Borgward;Hansa 3500
Borgward;Hansa 400/500
Borgward;Isabella
Borgward;P100
Brilliance;Autre
Brilliance;BC3
Brilliance;BS2
Brilliance;BS4
Brilliance;BS6
Brilliance;Granse
Brilliance;Jinbei
Brilliance;Zhonghua
Brilliance;Zunchi
Bugatti;Autre
Bugatti;Chiron
Bugatti;EB 110
Bugatti;EB 112
Bugatti;Veyron
Buick;Autre
Buick;Century
Buick;Electra
Buick;Enclave
Buick;Le Sabre
Buick;Park Avenue
Buick;Regal
Buick;Riviera
Buick;Roadmaster
Buick;Skylark
Buick;Special
BYD;Autre
BYD;e6
BYD;F1
BYD;F3
BYD;F3R
BYD;F6
BYD;F8
Cadillac;Allante
Cadillac;ATS
Cadillac;Autre
Cadillac;BLS
Cadillac;Brougham
Cadillac;CT6
Cadillac;CTS
Cadillac;Deville
Cadillac;DTS
Cadillac;Eldorado
Cadillac;Escalade
Cadillac;Fleetwood
Cadillac;LaSalle
Cadillac;Series 62
Cadillac;Series 6200
Cadillac;Seville
Cadillac;SRX
Cadillac;STS
Cadillac;XLR
Cadillac;XT5
Caravans-Wohnm;Adria
Caravans-Wohnm;Ahorn
Caravans-Wohnm;Airstream
Caravans-Wohnm;Alpha
Caravans-Wohnm;Arca
Caravans-Wohnm;Autoroller
Caravans-Wohnm;Autostar
Caravans-Wohnm;Autre
Caravans-Wohnm;Bavaria
Caravans-Wohnm;Bawemo
Caravans-Wohnm;Beisl
Caravans-Wohnm;Benimar
Caravans-Wohnm;Bimobil
Caravans-Wohnm;Biod
Caravans-Wohnm;Burow
Caravans-Wohnm;Burow-Mobil
Caravans-Wohnm;Bürstner
Caravans-Wohnm;Ca-Mo-Car
Caravans-Wohnm;Carado
Caravans-Wohnm;Caravelair
Caravans-Wohnm;Caro
Caravans-Wohnm;Carthago
Caravans-Wohnm;Challenger
Caravans-Wohnm;Chausson
Caravans-Wohnm;Chrysler
Caravans-Wohnm;Ci International
Caravans-Wohnm;Coachmen
Caravans-Wohnm;Concorde
Caravans-Wohnm;Cristall
Caravans-Wohnm;Cs Reisemobile
Caravans-Wohnm;Damon
Caravans-Wohnm;Dehler
Caravans-Wohnm;Delta
Caravans-Wohnm;Dethleffs
Caravans-Wohnm;Dream
Caravans-Wohnm;Due Erre
Caravans-Wohnm;Eifelland
Caravans-Wohnm;Elnagh
Caravans-Wohnm;Eriba
Caravans-Wohnm;Euramobil
Caravans-Wohnm;Euro Liner
Caravans-Wohnm;EVM
Caravans-Wohnm;Fendt
Caravans-Wohnm;Ffb / Tabbert
Caravans-Wohnm;Fiat
Caravans-Wohnm;Fleetwood
Caravans-Wohnm;Florence
Caravans-Wohnm;Ford
Caravans-Wohnm;Ford / Reimo
Caravans-Wohnm;Frankia
Caravans-Wohnm;General Motors
Caravans-Wohnm;Gigant
Caravans-Wohnm;Giottiline
Caravans-Wohnm;Globecar
Caravans-Wohnm;Granduca
Caravans-Wohnm;Hehn
Caravans-Wohnm;Heku
Caravans-Wohnm;Hobby
Caravans-Wohnm;Holiday Rambler
Caravans-Wohnm;Home-Car
Caravans-Wohnm;Hymer
Caravans-Wohnm;ICF
Caravans-Wohnm;Iveco
Caravans-Wohnm;Karmann
Caravans-Wohnm;Kentucky
Caravans-Wohnm;Kip
Caravans-Wohnm;Knaus
Caravans-Wohnm;La Strada
Caravans-Wohnm;Laika
Caravans-Wohnm;Linne-Liner
Caravans-Wohnm;LMC
Caravans-Wohnm;M+M Mobile
Caravans-Wohnm;Ma-Bu
Caravans-Wohnm;Maesss
Caravans-Wohnm;Man
Caravans-Wohnm;Mazda
Caravans-Wohnm;McLouis
Caravans-Wohnm;Mercedes-Benz
Caravans-Wohnm;Miller
Caravans-Wohnm;Mirage
Caravans-Wohnm;Mitsubishi
Caravans-Wohnm;Mizar
Caravans-Wohnm;Mobilvetta
Caravans-Wohnm;Monaco
Caravans-Wohnm;Moncayo
Caravans-Wohnm;Morelo
Caravans-Wohnm;Neotec
Caravans-Wohnm;Niesmann+Bischoff
Caravans-Wohnm;Niewiadow
Caravans-Wohnm;Nordstar
Caravans-Wohnm;Ormocar
Caravans-Wohnm;Peugeot
Caravans-Wohnm;Phoenix
Caravans-Wohnm;Pilote
Caravans-Wohnm;Poessl
Caravans-Wohnm;Pössl
Caravans-Wohnm;ProCab
Caravans-Wohnm;Rapido
Caravans-Wohnm;Reimo
Caravans-Wohnm;Reisemobile Beier
Caravans-Wohnm;Renault
Caravans-Wohnm;Rimor
Caravans-Wohnm;Riva
Caravans-Wohnm;Riviera
Caravans-Wohnm;RMB
Caravans-Wohnm;Roadtrek
Caravans-Wohnm;Robel-Mobil
Caravans-Wohnm;Rockwood
Caravans-Wohnm;Selbstbau
Caravans-Wohnm;Sterckeman
Caravans-Wohnm;Swift
Caravans-Wohnm;Tabbert
Caravans-Wohnm;TEC
Caravans-Wohnm;Tischer
Caravans-Wohnm;Trigano
Caravans-Wohnm;Triple E
Caravans-Wohnm;Ultra
Caravans-Wohnm;Vario
Caravans-Wohnm;VW
Caravans-Wohnm;Weinsberg
Caravans-Wohnm;Weippert
Caravans-Wohnm;Westfalia
Caravans-Wohnm;Wilk
Caravans-Wohnm;Winnebago
Casalini;Autre
Casalini;Kerry
Casalini;M10
Casalini;M110
Casalini;M12
Casalini;M14
Casalini;Pick Up12
Casalini;Sulky
Casalini;Sulkycar
Casalini;Sulkydea/Ydea
Caterham;21
Caterham;Autre
Caterham;Classic 7
Caterham;Classic S7
Caterham;Cosworth CSR 200
Caterham;CSR 175
Caterham;CSR 260
Caterham;R 400
Caterham;R300 Superlight
Caterham;Roadsport Seven
Caterham;Seven 458
Caterham;SP/300.R
Caterham;Super 7
Caterham;Superlight
Changhe;Autre
Changhe;CoolCar
Changhe;Freedom
Changhe;Ideal
Changhe;Mini Truck
Changhe;X5
Chatenet;Autre
Chatenet;Barooder
Chatenet;CH 26
Chatenet;CH 28
Chatenet;CH 30
Chatenet;CH 32
Chatenet;Media
Chatenet;Pick-Up
Chatenet;Speedino
Chatenet;Sporteevo
Chatenet;Stella
Chery;À13
Chery;A18
Chery;A21
Chery;A3
Chery;Amulet
Chery;Autre
Chery;B13
Chery;B14
Chery;CrossEastar
Chery;Crossover
Chery;Eastar
Chery;FengYun
Chery;Fora
Chery;Karry
Chery;Kimo
Chery;M11
Chery;M14
Chery;Mikado
Chery;MPV
Chery;QQ6
Chery;S18
Chery;Sweet
Chery;Tiggo
Chery;Very
Chery;WOW
Chevrolet;2500
Chevrolet;Alero
Chevrolet;Astro
Chevrolet;Autre
Chevrolet;Avalanche
Chevrolet;Aveo
Chevrolet;Beretta
Chevrolet;Blazer
Chevrolet;Bolt
Chevrolet;C1500
Chevrolet;Camaro
Chevrolet;Caprice
Chevrolet;Captiva
Chevrolet;Cavalier
Chevrolet;Celebrity
Chevrolet;Chevelle
Chevrolet;Chevy Van
Chevrolet;Citation
Chevrolet;Colorado
Chevrolet;Corsica
Chevrolet;Corvette
Chevrolet;Crew cab
Chevrolet;Cruze
Chevrolet;Dixie van
Chevrolet;El Camino
Chevrolet;Epica
Chevrolet;Equinox
Chevrolet;Evanda
Chevrolet;Express
Chevrolet;G
Chevrolet;HHR
Chevrolet;Impala
Chevrolet;K1500
Chevrolet;K30
Chevrolet;Kalos
Chevrolet;Lacetti
Chevrolet;Lanos
Chevrolet;Lumina
Chevrolet;Malibu
Chevrolet;Matiz
Chevrolet;Monte Carlo
Chevrolet;Niva
Chevrolet;Nubira
Chevrolet;Orlando
Chevrolet;Rezzo
Chevrolet;S-10
Chevrolet;Silverado
Chevrolet;Spark
Chevrolet;SSR
Chevrolet;Suburban
Chevrolet;Tacuma
Chevrolet;Tahoe
Chevrolet;Tracker
Chevrolet;Trailblazer
Chevrolet;Trans Sport
Chevrolet;Traverse
Chevrolet;Trax
Chevrolet;Uplander
Chevrolet;Viva
Chevrolet;Volt
Chrysler;300 M
Chrysler;300C
Chrysler;Aspen
Chrysler;Autre
Chrysler;Crossfire
Chrysler;Daytona
Chrysler;ES
Chrysler;Grand Voyager
Chrysler;GS
Chrysler;GTS
Chrysler;Imperial
Chrysler;Le Baron
Chrysler;Neon
Chrysler;New Yorker
Chrysler;Pacifica
Chrysler;Prowler
Chrysler;PT Cruiser
Chrysler;Ram Van
Chrysler;Saratoga
Chrysler;Sebring
Chrysler;Stratus
Chrysler;Town & Country
Chrysler;Valiant
Chrysler;Viper
Chrysler;Vision
Chrysler;Voyager
Citroen;2CV
Citroen;Acadiane
Citroen;Autre
Citroen;AX
Citroen;Axel
Citroen;Berlingo
Citroen;BX
Citroen;C-Crosser
Citroen;C-Elysée
Citroen;C-Zero
Citroen;C1
Citroen;C15
Citroen;C2
Citroen;C25
Citroen;C3
Citroen;C3 Picasso
Citroen;C35
Citroen;C4
Citroen;C4 Aircross
Citroen;C4 Cactus
Citroen;C4 Picasso
Citroen;C5
Citroen;C6
Citroen;C8
Citroen;CX
Citroen;DS
Citroen;DS3
Citroen;DS4
Citroen;DS5
Citroen;Dyane
Citroen;E-Méhari
Citroen;Evasion
Citroen;Grand C4 Picasso
Citroen;GSA
Citroen;Jumper
Citroen;Jumpy
Citroen;LNA
Citroen;Méhari
Citroen;Nemo
Citroen;SAXO
Citroen;SM
Citroen;Spacetourer
Citroen;Visa
Citroen;Xantia
Citroen;XM
Citroen;Xsara
Citroen;Xsara Picasso
Citroen;ZX
CityEL;Autre
CityEL;CityEL
CityEL;CityEL Fact Four
CityEL;MiniEL
CMC;Autre
CMC;Electric Mistry
CMC;Gipsy 500
Corvette;Autre
Corvette;C1
Corvette;C2
Corvette;C3
Corvette;C4
Corvette;C5
Corvette;C6 Convertible
Corvette;C6 Coupe
Corvette;C7
Corvette;CZ6
Corvette;Z06
Corvette;ZR1
Courb;Autre
Courb;C-Zen
Dacia;1310
Dacia;Autre
Dacia;Berlina
Dacia;Break
Dacia;Dokker
Dacia;Double Cab
Dacia;Drop Side
Dacia;Duster
Dacia;Lodgy
Dacia;Logan
Dacia;Nova
Dacia;Pick Up
Dacia;Sandero
Dacia;Solenza
Dacia;Stepway
Daewoo;Aranos
Daewoo;Autre
Daewoo;Espero
Daewoo;Evanda
Daewoo;Kalos
Daewoo;Korando
Daewoo;Lacetti
Daewoo;Lanos
Daewoo;Leganza
Daewoo;Lublin
Daewoo;Matiz
Daewoo;Musso
Daewoo;Nexia
Daewoo;Nubira
Daewoo;Rexton
Daewoo;Rezzo
Daewoo;Tacuma
Daewoo;Truck Plus
DAF;400
DAF;Autre
Daihatsu;Applause
Daihatsu;Autre
Daihatsu;Charade
Daihatsu;Charmant
Daihatsu;Copen
Daihatsu;Cuore
Daihatsu;Domino
Daihatsu;Extol
Daihatsu;F Modelle
Daihatsu;Feroza
Daihatsu;Freeclimber
Daihatsu;Gran Move
Daihatsu;Hijet
Daihatsu;Materia
Daihatsu;Move
Daihatsu;Pionier
Daihatsu;Rocky
Daihatsu;Sirion
Daihatsu;Taft
Daihatsu;Terios
Daihatsu;Trevis
Daihatsu;Valera
Daihatsu;YRV
Daimler;Autre
Daimler;Double Six
Daimler;Six
Daimler;Sovereign
Daimler;Super Eight
Daimler;Super V8
Dangel;504
Dangel;505
Dangel;Autre
Dangel;Berlingo
Dangel;Boxer
Dangel;C25
Dangel;Ducato
Dangel;Expert
Dangel;J5
Dangel;Jumper
Dangel;Jumpy
Dangel;Partner
Dangel;Scudo
De la Chapelle;Atalante 57S
De la Chapelle;Autre
De la Chapelle;Grand-Prix
De la Chapelle;Roadster
De la Chapelle;Type 55 Roadster
De la Chapelle;Type 55 Tourer
De Tomaso;Autre
De Tomaso;Deauville
De Tomaso;Guarà
De Tomaso;Longchamp
De Tomaso;Mangusta
De Tomaso;Pantera
De Tomaso;Vallelunga
Derways;Aurora
Derways;Autre
Derways;Cowboy
Derways;Land Crown
Derways;Plutus
Derways;Shuttle
DFSK;Autre
DFSK;C32
DFSK;C35
DFSK;City Pickup
DFSK;K01
DFSK;K02
DFSK;V21
DFSK;V25
Dodge;Autre
Dodge;Avenger
Dodge;Caliber
Dodge;Caravan
Dodge;Challenger
Dodge;Charger
Dodge;Coronet
Dodge;Dakota
Dodge;Dart
Dodge;Durango
Dodge;Grand Caravan
Dodge;Intrepid
Dodge;Journey
Dodge;Magnum
Dodge;Neon
Dodge;Nitro
Dodge;RAM
Dodge;Stealth
Dodge;Stratus
Dodge;Van
Dodge;Viper
Donkervoort;Autre
Donkervoort;D8
Donkervoort;S8
DR Motor;Autre
DR Motor;City Cross
DR Motor;DR Zero
DR Motor;DR1
DR Motor;DR2
DR Motor;DR3
DR Motor;DR5
DR Motor;KATAY
DS Automobiles;Autre
DS Automobiles;DS 3
DS Automobiles;DS 4
DS Automobiles;DS 5
Dutton;Autre
Dutton;B Plus
Dutton;B Plus Series 2
Dutton;B Type
Dutton;Beneto
Dutton;Cantera
Dutton;Legerra
Dutton;Malaga
Dutton;Malaga B+
Dutton;Melos
Dutton;P1
Dutton;Phaeton Series 1
Dutton;Phaeton Series 2
Dutton;Phaeton Series 3
Dutton;Phaeton Series 4
Dutton;Rico
Dutton;Rico Shuttle
Dutton;Sierra Drop Head
Dutton;Sierra Series 1
Dutton;Sierra Series 2
Dutton;Sierra Series 3
Estrima;Autre
Estrima;Birò
Ferrari;195
Ferrari;206
Ferrari;208
Ferrari;246
Ferrari;250
Ferrari;275
Ferrari;288
Ferrari;308
Ferrari;328
Ferrari;330
Ferrari;348
Ferrari;360
Ferrari;365
Ferrari;400
Ferrari;412
Ferrari;456
Ferrari;458
Ferrari;488
Ferrari;512
Ferrari;550
Ferrari;575
Ferrari;599
Ferrari;612
Ferrari;750
Ferrari;Autre
Ferrari;California
Ferrari;Daytona
Ferrari;Dino GT4
Ferrari;Enzo Ferrari
Ferrari;F12
Ferrari;F355
Ferrari;F40
Ferrari;F430
Ferrari;F50
Ferrari;F512
Ferrari;FF
Ferrari;FXX
Ferrari;GTC4 Lusso
Ferrari;LaFerrari
Ferrari;Mondial
Ferrari;Scuderia Spider 16M
Ferrari;Superamerica
Ferrari;Testarossa
Fiat;124 Coupè
Fiat;124 Spider
Fiat;126
Fiat;127
Fiat;128
Fiat;130
Fiat;131
Fiat;132
Fiat;133
Fiat;242
Fiat;500
Fiat;500 Abarth
Fiat;500C
Fiat;500C Abarth
Fiat;500L
Fiat;500X
Fiat;595 Abarth
Fiat;600
Fiat;850
Fiat;900
Fiat;Albea
Fiat;Argenta
Fiat;Autre
Fiat;Barchetta
Fiat;Brava
Fiat;Bravo
Fiat;Campagnola
Fiat;Cinquecento
Fiat;Coupe
Fiat;Croma
Fiat;Dino
Fiat;Doblo
Fiat;Ducato
Fiat;Duna
Fiat;Fiorino
Fiat;Freemont
Fiat;Fullback
Fiat;Grande Punto
Fiat;Idea
Fiat;Linea
Fiat;Marea
Fiat;Marengo
Fiat;Maxi
Fiat;Multipla
Fiat;New Panda
Fiat;Palio
Fiat;Panda
Fiat;Penny
Fiat;Pininfarina
Fiat;Pininfarina Spider i.e.
Fiat;Pininfarina Volumex
Fiat;Punto
Fiat;Punto Evo
Fiat;Punto Evo Abarth
Fiat;Qubo
Fiat;Regata
Fiat;Ritmo
Fiat;Scudo
Fiat;Sedici
Fiat;Seicento
Fiat;Spider Europa
Fiat;Stilo
Fiat;Strada
Fiat;Talento
Fiat;Tempra
Fiat;Tipo
Fiat;Ulysse
Fiat;Uno
Fiat;X 1/9
FISKER;Autre
FISKER;Karma
FISKER;Latigo CS
Ford;Aerostar
Ford;Autre
Ford;B-Max
Ford;Bronco
Ford;C-Max
Ford;Capri
Ford;Connect Elekto
Ford;Cougar
Ford;Courier
Ford;Crown
Ford;Econoline
Ford;Econovan
Ford;EcoSport
Ford;Edge
Ford;Escape
Ford;Escort
Ford;Excursion
Ford;Expedition
Ford;Explorer
Ford;Express
Ford;F 1
Ford;F 100
Ford;F 150
Ford;F 250
Ford;F 350
Ford;F 360
Ford;F 450
Ford;F 550
Ford;F 650
Ford;F Super Duty
Ford;Fiesta
Ford;Flex
Ford;Focus
Ford;Focus C-Max
Ford;Focus CC
Ford;Freestar
Ford;Freestyle
Ford;Fusion
Ford;Galaxy
Ford;Gran Torino
Ford;Granada
Ford;Grand C-Max
Ford;GT
Ford;Ka/Ka+
Ford;Kuga
Ford;M
Ford;Maverick
Ford;Mercury
Ford;Mondeo
Ford;Mustang
Ford;Orion
Ford;Probe
Ford;Puma
Ford;Ranger
Ford;S-Max
Ford;Scorpio
Ford;Sierra
Ford;Sportka
Ford;Streetka
Ford;Taunus
Ford;Taurus
Ford;Thunderbird
Ford;Torino
Ford;Tourneo (tous)
Ford;Transit (tous)
Ford;Windstar
Gac Gonow;Autre
Gac Gonow;GA200
Gac Gonow;GX6
Gac Gonow;Troy
Gac Gonow;Victor
Gac Gonow;Victory
Gac Gonow;WAY
Galloper;Autre
Galloper;Exceed
Galloper;GALLOPER
Galloper;Santamo
Galloper;Super Exceed
GAZ;22171
GAZ;22177
GAZ;24
GAZ;2401
GAZ;2402
GAZ;2404
GAZ;2410
GAZ;2411
GAZ;2412
GAZ;2434
GAZ;31
GAZ;3102
GAZ;31022
GAZ;310221
GAZ;31026
GAZ;31029
GAZ;3105
GAZ;3110
GAZ;31105
GAZ;3111
GAZ;38407
GAZ;38649
GAZ;38710
GAZ;Autre
GAZ;Gazelle
GAZ;Next
GAZ;Siber
GAZ;Sobol
Geely;Autre
Geely;MK
Geely;Otaka
Geely;Vision
GEM;Autre
GEM;E2
GEM;E4
GEM;e6
GEM;eL
GEM;eS
GEM;Four
GEM;Two
GEMBALLA;Autre
Giotti Victoria;Autre
Giotti Victoria;Gladiator
Giotti Victoria;Gyppo
GMC;Acadia
GMC;Autre
GMC;Envoy
GMC;Safari
GMC;Savana
GMC;Sierra
GMC;Sonoma
GMC;Syclone
GMC;Typhoon
GMC;Vandura
GMC;Yukon
Great Wall;Autre
Great Wall;Coolbear
Great Wall;Cowry
Great Wall;Deer
Great Wall;Florid
Great Wall;Gwperi
Great Wall;H6
Great Wall;Hover
Great Wall;Hover 5
Great Wall;Hover H3
Great Wall;Pegasus
Great Wall;Safe
Great Wall;Sailor
Great Wall;Sing
Great Wall;Socool
Great Wall;Steed
Great Wall;Voleex
Great Wall;Wingle
Great Wall;Wingle 3
Grecav;Amica
Grecav;Autre
Grecav;EKE
Grecav;Sonique
Haima;2
Haima;3
Haima;3 HB
Haima;6
Haima;Autre
Haima;Family
Haima;Freema
Hamann;Autre
Honda;Accord
Honda;Ascot
Honda;Autre
Honda;Avancier
Honda;Beat
Honda;Capa
Honda;City
Honda;Civic
Honda;Concerto
Honda;CR-V
Honda;CR-Z
Honda;Crosstour
Honda;CRX
Honda;Element
Honda;Fit
Honda;FR-V
Honda;HR-V
Honda;Insight
Honda;Inspire
Honda;Integra
Honda;Jazz
Honda;Legend
Honda;Life
Honda;Logo
Honda;Mobilio
Honda;NSX
Honda;Odyssey
Honda;Orthia
Honda;Partner
Honda;Pilot
Honda;Prelude
Honda;Quintet
Honda;Ridgeline
Honda;S 2000
Honda;Saber
Honda;Sabre
Honda;Shuttle
Honda;Sm-x
Honda;Stepwgn
Honda;Stream
Honda;Torneo
HUMMER;Autre
HUMMER;H1
HUMMER;H2
HUMMER;H3
Hurtan;Albaycín
Hurtan;Autre
Hurtan;Grand Albaycín
Hurtan;T2
Hyundai;Accent
Hyundai;Atos
Hyundai;Autre
Hyundai;Avante
Hyundai;Azera
Hyundai;Coupe
Hyundai;Elantra
Hyundai;Equus
Hyundai;Excel
Hyundai;Galloper
Hyundai;Genesis
Hyundai;Genesis Coupe
Hyundai;Getz
Hyundai;Grace
Hyundai;Grand Santa Fe
Hyundai;Grand Starex H1
Hyundai;Grandeur
Hyundai;H 100
Hyundai;H 200
Hyundai;H 300
Hyundai;H 350
Hyundai;H-1
Hyundai;H-1 Cargo
Hyundai;H-1 Starex
Hyundai;H-1 Travel
Hyundai;Highway
Hyundai;i10
Hyundai;i20
Hyundai;i30
Hyundai;i40
Hyundai;i800
Hyundai;Ioniq
Hyundai;iX20
Hyundai;iX35
Hyundai;iX55
Hyundai;Lantra
Hyundai;Matrix
Hyundai;NF
Hyundai;Pony
Hyundai;Porter
Hyundai;S-Coupe
Hyundai;Santa Fe
Hyundai;Santamo
Hyundai;Satellite
Hyundai;Solaris
Hyundai;Sonata
Hyundai;Sonica
Hyundai;Starex
Hyundai;Stellar
Hyundai;Terracan
Hyundai;Tiburon
Hyundai;Trajet
Hyundai;Tucson
Hyundai;Veloster
Hyundai;Verna
Hyundai;XG 30
Hyundai;XG 350
Infiniti;Autre
Infiniti;EX25
Infiniti;EX30
Infiniti;EX35
Infiniti;EX37
Infiniti;FX
Infiniti;FX30
Infiniti;FX50
Infiniti;FX60
Infiniti;G25
Infiniti;G35
Infiniti;G37
Infiniti;I35
Infiniti;JX35
Infiniti;M30
Infiniti;M35h
Infiniti;M37
Infiniti;M45
Infiniti;Q30
Infiniti;Q45
Infiniti;Q50
Infiniti;Q60
Infiniti;Q70
Infiniti;QX30
Infiniti;QX50
Infiniti;QX56
Infiniti;QX60
Infiniti;QX70
Infiniti;QX80
Innocenti;Autre
Innocenti;Clip
Innocenti;Elba
Innocenti;Mille
Innocenti;Mini
Innocenti;Minitre
Innocenti;Small
Iso Rivolta;300
Iso Rivolta;Autre
Iso Rivolta;Fidia
Iso Rivolta;Grifo
Iso Rivolta;Lele
Isuzu;Autre
Isuzu;Axiom
Isuzu;Bighorn
Isuzu;Campo
Isuzu;D-Max
Isuzu;DLX
Isuzu;Gemini
Isuzu;Midi
Isuzu;NKR
Isuzu;NNR
Isuzu;NPR
Isuzu;PICK UP
Isuzu;Rodeo
Isuzu;Trooper
Isuzu;WFR
Iveco;Autre
Iveco;Campagnola
Iveco;Daily
Iveco;LKW/TRUCKS
Iveco;Massif
IZH;2106
IZH;2125
IZH;21251
IZH;2126
IZH;21261
IZH;2715
IZH;27156
IZH;2717
IZH;27171
IZH;412
IZH;Autre
IZH;Nika
Jaguar;420
Jaguar;Autre
Jaguar;D-Type
Jaguar;Daimler
Jaguar;E
Jaguar;F-Pace
Jaguar;F-Type
Jaguar;MK II
Jaguar;S-Type
Jaguar;Sovereign
Jaguar;X-Type
Jaguar;X300
Jaguar;XE
Jaguar;XF
Jaguar;XJ
Jaguar;XJ12
Jaguar;XJ40
Jaguar;XJ6
Jaguar;XJ8
Jaguar;XJR
Jaguar;XJS
Jaguar;XJSC
Jaguar;XK
Jaguar;XK8
Jaguar;XKR
Jeep;Autre
Jeep;Cherokee
Jeep;CJ-5
Jeep;CJ-7
Jeep;CJ-8
Jeep;Comanche
Jeep;Commander
Jeep;Compass
Jeep;Grand Cherokee
Jeep;Liberty
Jeep;Patriot
Jeep;Renegade
Jeep;Wagoneer
Jeep;Willys
Jeep;Wrangler
Karabag;500e
Karabag;Autre
Kia;Autre
Kia;Besta
Kia;Carens
Kia;Carnival
Kia;cee'd
Kia;cee'd Sportswagon
Kia;Cerato
Kia;Clarus
Kia;Elan
Kia;Joice
Kia;K2500
Kia;K2700
Kia;K2900
Kia;Leo
Kia;Magentis
Kia;Mentor
Kia;Mohave/Borrego
Kia;Niro
Kia;Opirus
Kia;Optima
Kia;Picanto
Kia;Pregio
Kia;Pride
Kia;Pro_ceed
Kia;Retona
Kia;Rio
Kia;Roadster
Kia;Rocsta
Kia;Sephia
Kia;Shuma
Kia;Sorento
Kia;Soul
Kia;Spectra
Kia;Sportage
Kia;Stonic
Kia;Venga
Koenigsegg;Agera
Koenigsegg;Autre
Koenigsegg;CC
Koenigsegg;Regera
KTM;Autre
KTM;X-Bow GT
KTM;X-Bow R
KTM;X-Bow RR
KTM;X-Bow Street
Lada;110
Lada;111
Lada;112
Lada;1200
Lada;1300/1500/1600
Lada;2106
Lada;4x4
Lada;Aleko
Lada;Autre
Lada;C-Cross
Lada;Carlota
Lada;Forma
Lada;Granta
Lada;Kalina
Lada;Largus
Lada;Natacha
Lada;Niva
Lada;Nova
Lada;Priora
Lada;Sagona
Lada;Samara
Lada;Sprint
Lada;Taiga
Lada;Universal
Lada;VAZ 215
Lada;Vesta
Lamborghini;Autre
Lamborghini;Aventador
Lamborghini;Countach
Lamborghini;Diablo
Lamborghini;Espada
Lamborghini;Gallardo
Lamborghini;Huracán
Lamborghini;Jalpa
Lamborghini;LM
Lamborghini;Miura
Lamborghini;Murciélago
Lamborghini;Reventon
Lamborghini;Urraco P250
Lancia;A 112
Lancia;A 112 Abarth
Lancia;A 112 Elite
Lancia;Autre
Lancia;Beta
Lancia;Dedra
Lancia;Delta
Lancia;Flaminia
Lancia;Flavia
Lancia;Fulvia
Lancia;Gamma
Lancia;HPE
Lancia;K
Lancia;Kappa
Lancia;Lybra
Lancia;MUSA
Lancia;Phedra
Lancia;Prisma
Lancia;Stratos
Lancia;Thema
Lancia;Thesis
Lancia;Trevi
Lancia;Voyager
Lancia;Y
Lancia;Ypsilon
Lancia;Z
Lancia;ZETA
Land Rover;Autre
Land Rover;Defender
Land Rover;Discovery
Land Rover;Discovery Sport
Land Rover;Freelander
Land Rover;LRX
Land Rover;Range Rover
Land Rover;Range Rover Evoque
Land Rover;Range Rover Sport
Land Rover;Range Rover Velar
Land Rover;Series
LDV;Autre
LDV;Convoy
LDV;Maxus
Lexus;Autre
Lexus;CT 200h
Lexus;ES 350
Lexus;Gamme GS (tous)
Lexus;Gamme GX (tous)
Lexus;Gamme IS (tous)
Lexus;Gamme LS (tous)
Lexus;Gamme LX (tous)
Lexus;Gamme NX (tous)
Lexus;Gamme RC (tous)
Lexus;Gamme RX (tous)
Lexus;Gamme SC (tous)
Lexus;LC 500
Lexus;LFA
Lifan;Autre
Lifan;Breez (520)
Lifan;Smily
Lifan;Solano (620)
Ligier;162
Ligier;Ambra
Ligier;Autre
Ligier;Be-Two
Ligier;Be-Up
Ligier;Due
Ligier;IXO
Ligier;JS
Ligier;Nova
Ligier;Optima
Ligier;Optimax
Ligier;Prima
Ligier;X-Pro
Ligier;X-Too
Ligier;X-TOO Max
Ligier;X-TOO R
Ligier;X-TOO R DCI
Ligier;X-TOO RS
Ligier;X-TOO S
Ligier;X-TOO2
Lincoln;Autre
Lincoln;Aviator
Lincoln;Continental
Lincoln;Cosmopolitan
Lincoln;LS
Lincoln;Mark
Lincoln;Navigator
Lincoln;Town Car
Lincoln;Zephyr
Lotus;2-Eleven
Lotus;3-Eleven
Lotus;340 R
Lotus;Autre
Lotus;Cortina
Lotus;Elan
Lotus;Elise
Lotus;Elite
Lotus;Esprit
Lotus;Europa
Lotus;Evora
Lotus;Excel
Lotus;Exige
Lotus;Omega
Lotus;Super Seven
Lotus;V8
Lotus;Venturi
Mahindra;Autre
Mahindra;Bolero
Mahindra;CJ
Mahindra;Genio
Mahindra;Goa
Mahindra;Jeep
Mahindra;Quanto
Mahindra;Reva
Mahindra;Thar
Mahindra;XUV500
MAN;Autre
MAN;TGE
Mansory;Aston Martin (tous)
Mansory;Audi - R8
Mansory;Autre
Mansory;Bentley (tous)
Mansory;BMW (tous)
Mansory;Bugatti - Veyron
Mansory;Ferrari (tous)
Mansory;Land Rover - Range Rover
Mansory;Lotus (tous)
Mansory;Maserati (tous)
Mansory;McLaren - 12C
Mansory;Mercedes-Benz (tous)
Mansory;Porsche (tous)
Mansory;Rolls-Royce (tous)
Mansory;Tesla - Model S
Martin Motors;Autre
Martin Motors;Bubble
Martin Motors;CEO
Martin Motors;CoolCar
Martin Motors;MM520
Martin Motors;MM620
Maserati;222
Maserati;224
Maserati;228
Maserati;3200
Maserati;418
Maserati;420
Maserati;4200
Maserati;422
Maserati;424
Maserati;430
Maserati;Autre
Maserati;Biturbo
Maserati;Coupe
Maserati;Ghibli
Maserati;GranCabrio
Maserati;GranSport
Maserati;GranTurismo
Maserati;Indy
Maserati;Karif
Maserati;Levante
Maserati;MC12
Maserati;Merak
Maserati;Quattroporte
Maserati;Racing
Maserati;Shamal
Maserati;Spyder
Maserati;TC
Maybach;57
Maybach;62
Maybach;Autre
Mazda;121
Mazda;2
Mazda;3
Mazda;323
Mazda;5
Mazda;6
Mazda;626
Mazda;929
Mazda;Atenza
Mazda;Autre
Mazda;Axela
Mazda;B 2500
Mazda;B 2600
Mazda;Bongo
Mazda;BT-50
Mazda;Capella
Mazda;CX-3
Mazda;CX-5
Mazda;CX-7
Mazda;CX-9
Mazda;Demio
Mazda;E
Mazda;Familia
Mazda;Millenia
Mazda;MPV
Mazda;MX-3
Mazda;MX-5
Mazda;MX-6
Mazda;Pick Up
Mazda;Premacy
Mazda;Protege
Mazda;RX-7
Mazda;RX-8
Mazda;Tribute
Mazda;Xedos
Mazda;Xedos 6
McLaren;12 C
McLaren;540C
McLaren;570GT
McLaren;570S
McLaren;650S Coupe
McLaren;650S Spider
McLaren;675LT
McLaren;720S
McLaren;Autre
McLaren;F1
McLaren;MP4-12C
McLaren;P1
Melex;148
Melex;341
Melex;341 H
Melex;343
Melex;343 H
Melex;345
Melex;345 H
Melex;363
Melex;363 H
Melex;364
Melex;364 H
Melex;366
Melex;366 H
Melex;378
Melex;381
Melex;381 H
Melex;385
Melex;385 H
Melex;391
Melex;391 H
Melex;392
Melex;395
Melex;395 H
Melex;563 XTR
Melex;563 XTR H
Melex;565 XTR
Melex;565 XTR H
Melex;627
Melex;833
Melex;835
Melex;843
Melex;845
Melex;848
Melex;860
Melex;860 H
Melex;861
Melex;861 H
Melex;864
Melex;864 H
Melex;865
Melex;865 H
Melex;943
Melex;943 H
Melex;945
Melex;945 H
Melex;947
Melex;960
Melex;960 H
Melex;961
Melex;961 H
Melex;961 XTR PLUS H
Melex;962 XTR Plus
Melex;963
Melex;963 H
Melex;964 XTR Plus
Melex;965 XTR Plus
Melex;965 XTR Plus H
Melex;966
Melex;967
Melex;967 H
Melex;969
Melex;986
Melex;Autre
Mercedes-Benz;170
Mercedes-Benz;180
Mercedes-Benz;190
Mercedes-Benz;200
Mercedes-Benz;208
Mercedes-Benz;210/310
Mercedes-Benz;220
Mercedes-Benz;230
Mercedes-Benz;240
Mercedes-Benz;250
Mercedes-Benz;260
Mercedes-Benz;270
Mercedes-Benz;280
Mercedes-Benz;300
Mercedes-Benz;308
Mercedes-Benz;320
Mercedes-Benz;350
Mercedes-Benz;380
Mercedes-Benz;400
Mercedes-Benz;416
Mercedes-Benz;420
Mercedes-Benz;450
Mercedes-Benz;500
Mercedes-Benz;560
Mercedes-Benz;600
Mercedes-Benz;Actros
Mercedes-Benz;AMG GT
Mercedes-Benz;Atego
Mercedes-Benz;Autre
Mercedes-Benz;CE (tous)
Mercedes-Benz;Citan
Mercedes-Benz;CL (tous)
Mercedes-Benz;CLA (tous)
Mercedes-Benz;Classe A (tous)
Mercedes-Benz;Classe B (tous)
Mercedes-Benz;Classe C (tous)
Mercedes-Benz;Classe E (tous)
Mercedes-Benz;Classe G (tous)
Mercedes-Benz;Classe M (tous)
Mercedes-Benz;Classe R (tous)
Mercedes-Benz;Classe S (tous)
Mercedes-Benz;Classe V (tous)
Mercedes-Benz;CLC
Mercedes-Benz;CLK (tous)
Mercedes-Benz;CLS (tous)
Mercedes-Benz;GL (tous)
Mercedes-Benz;GLA (tous)
Mercedes-Benz;GLC (tous)
Mercedes-Benz;GLE (tous)
Mercedes-Benz;GLK (tous)
Mercedes-Benz;GLS (tous)
Mercedes-Benz;LKW/TRUCKS
Mercedes-Benz;Marco Polo
Mercedes-Benz;MB 100
Mercedes-Benz;SL (tous)
Mercedes-Benz;SLC (tous)
Mercedes-Benz;SLK (tous)
Mercedes-Benz;SLR
Mercedes-Benz;SLS
Mercedes-Benz;Sprinter
Mercedes-Benz;T1
Mercedes-Benz;T2
Mercedes-Benz;Vaneo
Mercedes-Benz;Vario
Mercedes-Benz;Viano
Mercedes-Benz;Vito
MG;Autre
MG;Metro
MG;MGA
MG;MGB
MG;MGC
MG;MGF
MG;Midget
MG;RV8
MG;TD
MG;TF
MG;ZR
MG;ZS
MG;ZT
Microcar;Autre
Microcar;Cargo
Microcar;Due
Microcar;Ecology/Lyra
Microcar;Flex
Microcar;M.Go
Microcar;M8
Microcar;MC1
Microcar;MC2
Microcar;Virgo
Minauto;Autre
Minauto;Minauto
MINI;1000
MINI;1300
MINI;Autre
MINI;Clubvan
MINI;Cooper
MINI;Cooper D
MINI;Cooper S
MINI;Cooper SD
MINI;Gamme Cabrio (tous)
MINI;Gamme Clubman (tous)
MINI;Gamme Countryman (tous)
MINI;Gamme Coupe (tous)
MINI;Gamme Paceman (tous)
MINI;Gamme Roadster (tous)
MINI;John Cooper Works (tous)
MINI;One
MINI;One D
Mitsubishi;3000 GT
Mitsubishi;400
Mitsubishi;Airtrek
Mitsubishi;ASX
Mitsubishi;Attrage
Mitsubishi;Autre
Mitsubishi;Canter
Mitsubishi;Carisma
Mitsubishi;Chariot
Mitsubishi;Colt
Mitsubishi;Cordia
Mitsubishi;Cosmos
Mitsubishi;Delica
Mitsubishi;Diamante
Mitsubishi;DINGO
Mitsubishi;Dion
Mitsubishi;Eclipse
Mitsubishi;FTO
Mitsubishi;Galant
Mitsubishi;Galloper
Mitsubishi;Grandis
Mitsubishi;I-MiEV
Mitsubishi;L200
Mitsubishi;L300
Mitsubishi;L400
Mitsubishi;Lancer
Mitsubishi;Legnum
Mitsubishi;Libero
Mitsubishi;Mirage
Mitsubishi;Montero
Mitsubishi;Outlander
Mitsubishi;Pajero
Mitsubishi;Pajero Pinin
Mitsubishi;Pajero Sport
Mitsubishi;PICK UP
Mitsubishi;RVR
Mitsubishi;Santamo
Mitsubishi;Sapporo
Mitsubishi;Sigma
Mitsubishi;Sigma Wagon
Mitsubishi;Space Gear
Mitsubishi;Space Runner
Mitsubishi;Space Star
Mitsubishi;Space Wagon
Mitsubishi;Starion
Mitsubishi;Tredia
Morgan;100-Years-Special
Morgan;3-Wheeler
Morgan;4-Sitzer
Morgan;4/4
Morgan;Aero 8
Morgan;Aero Coupe
Morgan;Aero Max
Morgan;Aero Supersports
Morgan;Autre
Morgan;EVA GT
Morgan;Lifecar
Morgan;Plus 4
Morgan;Plus 8
Morgan;Plus 8 Speedster
Morgan;Plus E
Morgan;Roadster
Morgan;Roadster Sport
Morgan;Supersport Pedal
Moskvich;21215
Moskvich;2137
Moskvich;2138
Moskvich;2140
Moskvich;21406
Moskvich;2141
Moskvich;21412
Moskvich;214145
Moskvich;2142
Moskvich;2335
Moskvich;408
Moskvich;412
Moskvich;426
Moskvich;427
Moskvich;434
Moskvich;Autre
Moskvich;Duet
Moskvich;Ivan Kalita
Moskvich;Jurij Dolgorukij
Moskvich;Knjaz Vladimir
Moskvich;Svjatogor
MP Lafer;Autre
MP Lafer;Lafer
Nissan;100
Nissan;200 SX
Nissan;280 ZX
Nissan;300 ZX
Nissan;350
Nissan;350Z
Nissan;370Z
Nissan;AD
Nissan;Almera
Nissan;Almera Tino
Nissan;Altima
Nissan;Armada
Nissan;Autre
Nissan;Avenir
Nissan;Bassara
Nissan;Bluebird
Nissan;Cabstar
Nissan;Cargo
Nissan;Cedric
Nissan;Cefiro
Nissan;Cherry
Nissan;Cube
Nissan;Datsun
Nissan;E-NV200
Nissan;Elgrand
Nissan;Evalia
Nissan;Expert
Nissan;Figaro
Nissan;Frontier
Nissan;Gloria
Nissan;GT-R
Nissan;Interstar
Nissan;Juke
Nissan;King Cab
Nissan;Kubistar
Nissan;Laurel
Nissan;Leaf
Nissan;Liberty
Nissan;March
Nissan;Maxima
Nissan;Micra
Nissan;Murano
Nissan;Navara
Nissan;Note
Nissan;NP300
Nissan;NV200
Nissan;NV300
Nissan;NV400
Nissan;Pathfinder
Nissan;Patrol
Nissan;Pick Up
Nissan;Pixo
Nissan;Prairie
Nissan;Presage
Nissan;Presea
Nissan;Primastar
Nissan;Primera
Nissan;Pulsar
Nissan;Qashqai
Nissan;Qashqai+2
Nissan;Quest
Nissan;R Nessa
Nissan;Rogue
Nissan;Safari
Nissan;Serena
Nissan;Silvia
Nissan;Skyline
Nissan;Stagea
Nissan;Stanza
Nissan;Sunny
Nissan;Teana
Nissan;Terrano
Nissan;Terrano II
Nissan;Tiida
Nissan;Tino
Nissan;Titan
Nissan;Trade
Nissan;Urvan
Nissan;Vanette
Nissan;Wingroad
Nissan;X-Trail
Oldsmobile;Autre
Oldsmobile;Bravada
Oldsmobile;Custom Cruiser
Oldsmobile;Cutlass
Oldsmobile;Delta 88
Oldsmobile;Dynamic 88
Oldsmobile;Silhouette
Oldsmobile;Supreme
Oldsmobile;Toronado
Oldtimer;Abarth
Oldtimer;AC
Oldtimer;Adler
Oldtimer;Alfa Romeo
Oldtimer;Allard
Oldtimer;Alvis
Oldtimer;AMC
Oldtimer;American
Oldtimer;Amphicar
Oldtimer;Ariel
Oldtimer;Aries
Oldtimer;Armstrong Siddeley
Oldtimer;Arnolt
Oldtimer;ASA
Oldtimer;ASC
Oldtimer;Aston Martin
Oldtimer;Auburn
Oldtimer;Audi
Oldtimer;Aurora
Oldtimer;Austin
Oldtimer;Austin-Healey
Oldtimer;Auto Union
Oldtimer;Autobianchi
Oldtimer;Autre
Oldtimer;Avanti
Oldtimer;Barkas
Oldtimer;Beast
Oldtimer;Bedford
Oldtimer;Belsize
Oldtimer;Benjamin
Oldtimer;Bentley
Oldtimer;Berkeley
Oldtimer;Bitter
Oldtimer;Bizzarrini
Oldtimer;BMW
Oldtimer;Borgward
Oldtimer;Brennabor
Oldtimer;Bricklin
Oldtimer;Bugatti
Oldtimer;Buick
Oldtimer;Cadillac
Oldtimer;Chaika
Oldtimer;Champion
Oldtimer;Charron
Oldtimer;Checker
Oldtimer;Chenard & Walker
Oldtimer;Chevrolet
Oldtimer;Chrysler
Oldtimer;Cisitalia
Oldtimer;Citroen
Oldtimer;CJ Rayburn
Oldtimer;Clan
Oldtimer;Clenet
Oldtimer;Commer
Oldtimer;Continental
Oldtimer;Cord
Oldtimer;Corvette
Oldtimer;Cunningham
Oldtimer;D.F.P
Oldtimer;Daf
Oldtimer;Daimler
Oldtimer;Dante
Oldtimer;Datsun
Oldtimer;Day Elder
Oldtimer;De Dion Bouton
Oldtimer;De Lorean
Oldtimer;De Soto
Oldtimer;De Tomaso
Oldtimer;Delage
Oldtimer;Delahaye
Oldtimer;Denzel
Oldtimer;DeSoto
Oldtimer;Deutz
Oldtimer;DKW
Oldtimer;Dodge
Oldtimer;Dort
Oldtimer;Duesenberg
Oldtimer;Durant
Oldtimer;Dutton
Oldtimer;Edsel
Oldtimer;Elva
Oldtimer;EMW
Oldtimer;England
Oldtimer;Enzmann
Oldtimer;Essex
Oldtimer;Excalibur
Oldtimer;Facel Vega
Oldtimer;Fairthorpe
Oldtimer;Falcon
Oldtimer;Fenton-Riley
Oldtimer;Ferrari
Oldtimer;Fiat
Oldtimer;Fire Vehicle
Oldtimer;Fleur de Lys
Oldtimer;FN
Oldtimer;Ford
Oldtimer;Fordson
Oldtimer;Formula-Car
Oldtimer;Franklin
Oldtimer;Frazer Nash
Oldtimer;Fuldamobil
Oldtimer;Gaz
Oldtimer;Ghia
Oldtimer;Gilbern
Oldtimer;Ginatta
Oldtimer;Ginetta
Oldtimer;Glas
Oldtimer;GMC
Oldtimer;Goggomobil
Oldtimer;Goliath
Oldtimer;Gordon Keeble
Oldtimer;Graham-Paige
Oldtimer;GSM
Oldtimer;Gutbrod
Oldtimer;Hanomag
Oldtimer;Harley Davidson
Oldtimer;Healey
Oldtimer;Heinkel
Oldtimer;Heritage
Oldtimer;Hillman
Oldtimer;Hino
Oldtimer;Hispano-Suiza
Oldtimer;Holden
Oldtimer;Honda
Oldtimer;Horch
Oldtimer;Hotchkiss
Oldtimer;HRG
Oldtimer;Hudson
Oldtimer;Humber
Oldtimer;Hupmobile
Oldtimer;IFA
Oldtimer;IHC
Oldtimer;Innocenti
Oldtimer;International
Oldtimer;Iso Rivolta
Oldtimer;Isuzu
Oldtimer;Jaguar
Oldtimer;Jeep
Oldtimer;Jensen
Oldtimer;Kaiser
Oldtimer;Kaiser - Frazer
Oldtimer;Karmann
Oldtimer;Karmann Ghia
Oldtimer;Kelly
Oldtimer;Kleinschnittger
Oldtimer;La Licorne
Oldtimer;Lagonda
Oldtimer;Lamborghini
Oldtimer;Lanchester
Oldtimer;Lancia
Oldtimer;Land Rover
Oldtimer;Lanz
Oldtimer;LaSalle
Oldtimer;Lea Francis
Oldtimer;Ligier
Oldtimer;Lincoln
Oldtimer;LKW-Trucks
Oldtimer;Lloyd
Oldtimer;LMX
Oldtimer;Lombardi
Oldtimer;Lorraine Dietrich
Oldtimer;Lotus
Oldtimer;Mack
Oldtimer;Magirus
Oldtimer;MAN
Oldtimer;Marauder
Oldtimer;March
Oldtimer;Marcos
Oldtimer;Marmon
Oldtimer;Maserati
Oldtimer;Mathis
Oldtimer;Matra
Oldtimer;Maybach
Oldtimer;Mazda
Oldtimer;Mercedes Benz
Oldtimer;Mercury
Oldtimer;Merlin
Oldtimer;Messerschmitt
Oldtimer;MG
Oldtimer;Military Vehicle
Oldtimer;Minerva
Oldtimer;Mitsubishi
Oldtimer;Monica
Oldtimer;Monteverdi
Oldtimer;Moretti
Oldtimer;Morgan
Oldtimer;Morgan Darmont
Oldtimer;Morris Leon Bolle
Oldtimer;Morris Minor
Oldtimer;Moskvitch
Oldtimer;Motorräder-Bike
Oldtimer;Munga
Oldtimer;Muntz
Oldtimer;Nash
Oldtimer;Nissan
Oldtimer;NSU
Oldtimer;Ogle
Oldtimer;Oldsmobile
Oldtimer;OM
Oldtimer;Opel
Oldtimer;Osca
Oldtimer;Overland
Oldtimer;Packard
Oldtimer;Panhard
Oldtimer;Panther
Oldtimer;Paterson
Oldtimer;Peerless
Oldtimer;Pegaso
Oldtimer;Peugeot
Oldtimer;Pierce Arrow
Oldtimer;Pontiac
Oldtimer;Porsche
Oldtimer;Puch
Oldtimer;Puma
Oldtimer;Rambler
Oldtimer;Reliant
Oldtimer;Renault
Oldtimer;RenT Bonnet
Oldtimer;Republic
Oldtimer;Riley
Oldtimer;Rolls Royce
Oldtimer;Rosengart
Oldtimer;Rotus
Oldtimer;Roush
Oldtimer;Rover
Oldtimer;Rovin
Oldtimer;Saab
Oldtimer;Salmson
Oldtimer;Saurer
Oldtimer;Seat
Oldtimer;Sebring
Oldtimer;Setra
Oldtimer;Shelby
Oldtimer;Shores
Oldtimer;Siata
Oldtimer;Simca
Oldtimer;Skoda
Oldtimer;Spartan
Oldtimer;Spitzer
Oldtimer;Standard
Oldtimer;Stephens
Oldtimer;Steyr
Oldtimer;Studebaker
Oldtimer;Stutz
Oldtimer;Subaru
Oldtimer;Sunbeam
Oldtimer;Talbot
Oldtimer;Tatra
Oldtimer;Tempo
Oldtimer;Toyota
Oldtimer;Trabant
Oldtimer;Tractor
Oldtimer;Trident
Oldtimer;Triumph
Oldtimer;Tucker
Oldtimer;Turner
Oldtimer;TVR
Oldtimer;Uaz
Oldtimer;Unic
Oldtimer;Unimog
Oldtimer;Vanden Plas
Oldtimer;Veritas
Oldtimer;Vignale
Oldtimer;Vixen
Oldtimer;Voisin
Oldtimer;Volkswagen
Oldtimer;Volvo
Oldtimer;Wanderer
Oldtimer;Wartburg
Oldtimer;Westfalia
Oldtimer;Westfield
Oldtimer;Wetsch
Oldtimer;Willys
Oldtimer;Wolseley
Oldtimer;Yugo
Oldtimer;Zimmer
Oldtimer;Zündapp
Opel;Adam
Opel;Agila
Opel;Ampera
Opel;Antara
Opel;Arena
Opel;Ascona
Opel;Astra
Opel;Autre
Opel;Calibra
Opel;Campo
Opel;Cascada
Opel;Combo
Opel;Commodore
Opel;Corsa
Opel;Crossland X
Opel;Diplomat
Opel;Frontera
Opel;Grandland X
Opel;GT
Opel;Insignia
Opel;Kadett
Opel;Karl
Opel;Manta
Opel;Meriva
Opel;Mokka
Opel;Monterey
Opel;Monza
Opel;Movano
Opel;Omega
Opel;Pick Up Sportscap
Opel;Rekord
Opel;Senator
Opel;Signum
Opel;Sintra
Opel;Speedster
Opel;Tigra
Opel;Vectra
Opel;Vivaro
Opel;Zafira
Opel;Zafira Tourer
Pagani;Autre
Pagani;Huayra
Pagani;Zonda C12
Panther Westwinds;Lazer
Panther Westwinds;Autre
Panther Westwinds;De Ville
Panther Westwinds;Kallista
Panther Westwinds;Lima
Panther Westwinds;Rio
Peugeot;1007
Peugeot;104
Peugeot;106
Peugeot;107
Peugeot;108
Peugeot;2008
Peugeot;204
Peugeot;205
Peugeot;206
Peugeot;207
Peugeot;208
Peugeot;3008
Peugeot;301
Peugeot;304
Peugeot;305
Peugeot;306
Peugeot;307
Peugeot;308
Peugeot;309
Peugeot;4007
Peugeot;4008
Peugeot;404
Peugeot;405
Peugeot;406
Peugeot;407
Peugeot;5008
Peugeot;504
Peugeot;505
Peugeot;508
Peugeot;604
Peugeot;605
Peugeot;607
Peugeot;806
Peugeot;807
Peugeot;Autre
Peugeot;Bipper
Peugeot;Boxer
Peugeot;Camper
Peugeot;Expert
Peugeot;iOn
Peugeot;J5
Peugeot;J9
Peugeot;Partner
Peugeot;Ranch
Peugeot;RCZ
Peugeot;Traveller
PGO;Autre
PGO;Cévennes
PGO;Cobra
PGO;Hemera
PGO;Speedster
PGO;Speedster II
Piaggio;AL500
Piaggio;Ape
Piaggio;Autre
Piaggio;M500
Piaggio;PK500
Piaggio;Porter
Piaggio;Quargo
Plymouth;Acclaim
Plymouth;Arrow
Plymouth;Autre
Plymouth;Barracuda
Plymouth;Belvedere
Plymouth;Breeze
Plymouth;Caravelle
Plymouth;Colt
Plymouth;Conquest
Plymouth;Cricket
Plymouth;Duster
Plymouth;Fury
Plymouth;Gran Fury
Plymouth;GTX
Plymouth;Horizon
Plymouth;Laser
Plymouth;Neon
Plymouth;Prowler
Plymouth;Reliant
Plymouth;Road Runner
Plymouth;Sapporo
Plymouth;Satellite
Plymouth;Savoy
Plymouth;Scamp
Plymouth;Sundance
Plymouth;Trailduster
Plymouth;Turismo
Plymouth;Valiant
Plymouth;Volaré
Plymouth;Voyager
Pontiac;6000
Pontiac;Autre
Pontiac;Aztek
Pontiac;Bonneville
Pontiac;Catalina Safari
Pontiac;Fiero
Pontiac;Firebird
Pontiac;G6
Pontiac;Grand-Am
Pontiac;Grand-Prix
Pontiac;GTO
Pontiac;Montana
Pontiac;Solstice
Pontiac;Sunbird
Pontiac;Sunfire
Pontiac;Targa
Pontiac;Trans Am
Pontiac;Trans Sport
Pontiac;Vibe
Porsche;356
Porsche;550
Porsche;912
Porsche;914
Porsche;918
Porsche;924
Porsche;928
Porsche;944
Porsche;959
Porsche;962
Porsche;968
Porsche;Autre
Porsche;Boxster
Porsche;Carrera GT
Porsche;Cayenne
Porsche;Cayman
Porsche;Macan
Porsche;Panamera
Porsche;Série 911 (tous)
Porsche;Targa
Proton;313
Proton;315
Proton;316
Proton;318
Proton;413
Proton;415
Proton;416
Proton;418
Proton;420
Proton;Autre
Proton;Gen2
Proton;Persona
Puch;Autre
Puch;G
Puch;Haflinger
Qoros;Autre
Qoros;Qoros 3
Qvale;Autre
Qvale;Mangusta
Reliant;Ant
Reliant;Autre
Reliant;Fox
Reliant;Kitten
Reliant;Rebel
Reliant;Regal
Reliant;Regent
Reliant;Rialto
Reliant;Robin
Reliant;Sabre Four
Reliant;Scimitar
Renault;Alpine A110
Renault;Alpine A310
Renault;Alpine A610
Renault;Alpine V6
Renault;Autre
Renault;Avantime
Renault;Captur
Renault;Clio
Renault;Coupe
Renault;Duster
Renault;Espace
Renault;Express
Renault;Fluence
Renault;Fluence Z.E.
Renault;Fuego
Renault;Grand Espace
Renault;Grand Modus
Renault;Grand Scenic
Renault;Kadjar
Renault;Kangoo
Renault;Kangoo Z.E.
Renault;Koleos
Renault;Laguna
Renault;Latitude
Renault;Logan
Renault;Mascott
Renault;Master
Renault;Megane
Renault;Messenger
Renault;Modus
Renault;P 1400
Renault;R 11
Renault;R 14
Renault;R 18
Renault;R 19
Renault;R 20
Renault;R 21
Renault;R 25
Renault;R 30
Renault;R 4
Renault;R 5
Renault;R 6
Renault;R 9
Renault;Rapid
Renault;Safrane
Renault;Sandero
Renault;Sandero Stepway
Renault;Scenic
Renault;Spider
Renault;Super 5
Renault;Symbol
Renault;Talisman
Renault;Trafic
Renault;Twingo
Renault;Twizy
Renault;Vel Satis
Renault;Wind
Renault;ZOE
Rolls-Royce;Arnage Green Label
Rolls-Royce;Arnage Red Label
Rolls-Royce;Autre
Rolls-Royce;Azure
Rolls-Royce;Azure Mulliner
Rolls-Royce;Camargue
Rolls-Royce;Cloud
Rolls-Royce;Continental R Mulliner
Rolls-Royce;Continental R
Rolls-Royce;Continental SC
Rolls-Royce;Corniche
Rolls-Royce;Dawn
Rolls-Royce;Flying Spur
Rolls-Royce;Ghost
Rolls-Royce;Le Mains Series
Rolls-Royce;Park Ward
Rolls-Royce;Park Ward Turbo
Rolls-Royce;Phantom
Rolls-Royce;Phantom Drophead
Rolls-Royce;Silver Dawn
Rolls-Royce;Silver Seraph
Rolls-Royce;Silver Shadow
Rolls-Royce;Silver Spirit
Rolls-Royce;Silver Spur
Rolls-Royce;Silver Wraith
Rolls-Royce;T
Rolls-Royce;Touring
Rolls-Royce;Wraith
Rover;100
Rover;111
Rover;114
Rover;200
Rover;213
Rover;214
Rover;216
Rover;218
Rover;220
Rover;25
Rover;400
Rover;414
Rover;416
Rover;418
Rover;420
Rover;45
Rover;600
Rover;618
Rover;620
Rover;623
Rover;75
Rover;800
Rover;820
Rover;825
Rover;827
Rover;Autre
Rover;City Rover
Rover;Estate
Rover;Metro
Rover;MINI
Rover;Montego
Rover;Rover
Rover;SD
Rover;Streetwise
Rover;Tourer
Ruf;3400S
Ruf;3600S
Ruf;Autre
Ruf;BTR
Ruf;CTR
Ruf;CTR2
Ruf;CTR3
Ruf;Dakara
Ruf;R Kompressor
Ruf;R Turbo
Ruf;RGT
Ruf;RGT-8
Ruf;RK Coupe/Spyder
Ruf;RT 12
Ruf;RT 12R
Ruf;RT 12S
Ruf;Turbo R
Saab;9-2X
Saab;9-3
Saab;9-4X
Saab;9-5
Saab;9-7X
Saab;90
Saab;900
Saab;900 Sedan
Saab;900 Sedan GL
Saab;900 Turbo
Saab;9000
Saab;92
Saab;93
Saab;96
Saab;96/95
Saab;99
Saab;Autre
Saab;GT 750
Saab;Sonett I
Saab;Sonett II
Saab;Sonett III
Saab;Sport / GT 850
Santana;2500
Santana;300
Santana;350
Santana;410
Santana;Anibal
Santana;Autre
Santana;PS-10
Santana;S300
Santana;S350
Santana;Samurai
Santana;Vitara
Santana;Vitara Cabriolet
Savel;Agora
Savel;Autre
Savel;Spacia
SDG;Auto Elettrica
SDG;Autre
SEAT;Alhambra
SEAT;Altea
SEAT;Altea XL
SEAT;Arosa
SEAT;Ateca
SEAT;Autre
SEAT;Cordoba
SEAT;Exeo
SEAT;Fura
SEAT;Ibiza
SEAT;Inca
SEAT;Leon
SEAT;Malaga
SEAT;Marbella
SEAT;Mii
SEAT;Panda
SEAT;Ronda
SEAT;Terra
SEAT;Toledo
Skoda;105
Skoda;120
Skoda;130
Skoda;135
Skoda;Autre
Skoda;Citigo
Skoda;Fabia
Skoda;Favorit
Skoda;Felicia
Skoda;Forman
Skoda;Karoq
Skoda;Kodiaq
Skoda;Octavia
Skoda;Pick-up
Skoda;Praktik
Skoda;Rapid/Spaceback
Skoda;Roomster
Skoda;Snowman
Skoda;Superb
Skoda;Yeti
smart;Autre
smart;brabus
smart;city-coupé/city-cabrio
smart;crossblade
smart;forFour
smart;forTwo
smart;roadster
SpeedArt;Autre
Spyker;Autre
Spyker;C12
Spyker;C8
Spyker;D12
SsangYong;Actyon
SsangYong;Autre
SsangYong;Family
SsangYong;Kallista
SsangYong;Korando
SsangYong;Kyron
SsangYong;MUSSO
SsangYong;REXTON
SsangYong;Rodius
SsangYong;Tivoli
SsangYong;XLV
Subaru;1200
Subaru;1800
Subaru;Autre
Subaru;Baja
Subaru;BRZ
Subaru;E10
Subaru;E12
Subaru;Forester
Subaru;Impreza
Subaru;Justy
Subaru;Legacy
Subaru;Leone
Subaru;Levorg
Subaru;Libero
Subaru;M60
Subaru;M70
Subaru;M80
Subaru;Mini
Subaru;OUTBACK
Subaru;SVX
Subaru;Trezia
Subaru;Tribeca
Subaru;Vanille
Subaru;Vivio
Subaru;WRX
Subaru;XT
Subaru;XV
Suzuki;Alto
Suzuki;Autre
Suzuki;Baleno
Suzuki;Cappuccino
Suzuki;Carry
Suzuki;Celerio
Suzuki;Escudo
Suzuki;Grand Vitara
Suzuki;Ignis
Suzuki;Jimny
Suzuki;Kizashi
Suzuki;Liana
Suzuki;LJ 80
Suzuki;Maruti
Suzuki;SA 310
Suzuki;Samurai
Suzuki;Santana
Suzuki;SJ 410
Suzuki;SJ 413
Suzuki;SJ Samurai
Suzuki;Splash
Suzuki;Super-Carry
Suzuki;Swift
Suzuki;SX4
Suzuki;SX4 S-Cross
Suzuki;Vitara
Suzuki;Wagon R+
Suzuki;X-90
Suzuki;XL-7
TagAZ;Accent
TagAZ;Autre
TagAZ;C10
TagAZ;C190
TagAZ;Estina
TagAZ;Hardy
TagAZ;Road Partner
TagAZ;Tager
TagAZ;Tiggo
TagAZ;Vega
Talbot;Alpine
Talbot;Autre
Talbot;Horizon
Talbot;Horizont GL
Talbot;Horizont GLS
Talbot;Matra Murena
Talbot;Matra Rancho
Talbot;Samba
Talbot;Simca 1100
Talbot;Simca 1510
Talbot;Solar GL
Talbot;Solar LS
Talbot;Solar Ralley
Talbot;Solara
Talbot;Sunbeam
Talbot;Tagora
Tasso;Autre
Tasso;Bingo
Tasso;C1DB
Tasso;C1DM
Tasso;Domino
Tasso;Hola
Tasso;King
Tasso;T2
Tasso;T3
Tasso;TD
Tata;Aria
Tata;Autre
Tata;Estate
Tata;Indica
Tata;Indigo
Tata;Nano
Tata;Pick-Up
Tata;Safari
Tata;Sumo
Tata;Telcoline
Tata;Telcosport
Tata;Xenon
Tazzari EV;Autre
Tazzari EV;EM1 Anniversary
Tazzari EV;EM1 Citysport
Tazzari EV;Zero Classic
Tazzari EV;Zero Evo
Tazzari EV;Zero Special Edition
Tazzari EV;Zero Speedster
TECHART;Autre
Tesla;Autre
Tesla;Model S
Tesla;Model X
Tesla;Roadster
Town Life;Autre
Town Life;Ginevra
Town Life;Helektra
Toyota;4-Runner
Toyota;Allion
Toyota;Alphard
Toyota;Altezza
Toyota;Aristo
Toyota;Auris
Toyota;Autre
Toyota;Avalon
Toyota;Avensis
Toyota;Avensis Verso
Toyota;Aygo
Toyota;BB
Toyota;Belta
Toyota;C-HR
Toyota;Caldina
Toyota;Cami
Toyota;Camry
Toyota;Carina
Toyota;Celica
Toyota;Chaser
Toyota;Coaster
Toyota;Corolla
Toyota;Corolla Verso
Toyota;Corona
Toyota;Corsa
Toyota;Cressida
Toyota;Cresta
Toyota;Crown
Toyota;Duet
Toyota;Dyna
Toyota;Estima
Toyota;F
Toyota;FJ Cruiser
Toyota;FJ40
Toyota;Fortuner
Toyota;Fun Cruiser
Toyota;Funcargo
Toyota;Gaia
Toyota;GT86
Toyota;Harrier
Toyota;HDJ
Toyota;Hiace
Toyota;Highlander
Toyota;Hilux
Toyota;Ipsum
Toyota;iQ
Toyota;Ist
Toyota;KJ
Toyota;Land Cruiser
Toyota;Land Cruiser Prado
Toyota;LC
Toyota;Lite-Ace
Toyota;Mark II
Toyota;Matrix
Toyota;Mirai
Toyota;MR 2
Toyota;Nadia
Toyota;Noah
Toyota;Opa
Toyota;Paseo
Toyota;Passo
Toyota;Pick up
Toyota;Picnic
Toyota;Platz
Toyota;Premio
Toyota;Previa
Toyota;Prius
Toyota;Prius+
Toyota;Pro Ace
Toyota;Ractis
Toyota;Raum
Toyota;RAV 4
Toyota;Sequoia
Toyota;Sienna
Toyota;Solara
Toyota;Sprinter
Toyota;Starlet
Toyota;Supra
Toyota;Tacoma
Toyota;Tercel
Toyota;Town Ace
Toyota;Tundra
Toyota;Urban Cruiser
Toyota;Venza
Toyota;Verossa
Toyota;Verso
Toyota;Verso-S
Toyota;Vista
Toyota;Vitz
Toyota;Voxy
Toyota;Will
Toyota;Windom
Toyota;Wish
Toyota;Yaris
Trabant;1.1
Trabant;Autre
Trabant;P50
Trabant;P60
Trabant;P601
Trabant;Rallye
Trabant;Trabant
Trailer-Anhänger;Autre
Triumph;Autre
Triumph;Dolomite
Triumph;GT6
Triumph;Herald
Triumph;Moss
Triumph;Spitfire
Triumph;Stag
Triumph;TR1
Triumph;TR2
Triumph;TR3
Triumph;TR4
Triumph;TR5
Triumph;TR6
Triumph;TR7
Triumph;TR8
Trucks-Lkw;Atlas
Trucks-Lkw;Autre
Trucks-Lkw;Cat
Trucks-Lkw;Citroen
Trucks-Lkw;Daewoo
Trucks-Lkw;DAF
Trucks-Lkw;Deutz-Fahr
Trucks-Lkw;Fiat
Trucks-Lkw;Ford
Trucks-Lkw;Fuchs
Trucks-Lkw;Hanomag
Trucks-Lkw;Hitachi
Trucks-Lkw;Iveco
Trucks-Lkw;Iveco Magirus
Trucks-Lkw;Iveco-Fiat
Trucks-Lkw;Jungheinrich
Trucks-Lkw;Koegel
Trucks-Lkw;Komatsu
Trucks-Lkw;LDV
Trucks-Lkw;Liebherr
Trucks-Lkw;Linde
Trucks-Lkw;MAN
Trucks-Lkw;Mercedes-Benz
Trucks-Lkw;Mitsubishi
Trucks-Lkw;Multicar
Trucks-Lkw;Neoplan
Trucks-Lkw;Nissan
Trucks-Lkw;O & K
Trucks-Lkw;Peugeot
Trucks-Lkw;Renault
Trucks-Lkw;Scania
Trucks-Lkw;Schaeff
Trucks-Lkw;Setra
Trucks-Lkw;Volvo
Trucks-Lkw;VW
Trucks-Lkw;Zeppelin
Trucks-Lkw;Zettelmeyer
TVR;Autre
TVR;Cerbera
TVR;Chimaera
TVR;Grantura
TVR;Griffith
TVR;S 2,8
TVR;S2
TVR;S3
TVR;S4
TVR;Sagaris
TVR;T350
TVR;Tamora
TVR;Tuscan
TVR;V8S
UAZ;2206
UAZ;2315
UAZ;23632
UAZ;3151
UAZ;31512
UAZ;31514
UAZ;31519
UAZ;315195
UAZ;3153
UAZ;3159
UAZ;3160
UAZ;31601
UAZ;31602
UAZ;3162
UAZ;3163
UAZ;3303
UAZ;3692
UAZ;3909
UAZ;3962
UAZ;469
UAZ;Autre
UAZ;Dakar
UAZ;Hunter
UAZ;Tigr
VAZ;1111
VAZ;11113
VAZ;11118
VAZ;1113
VAZ;1117
VAZ;1118
VAZ;1119
VAZ;1706
VAZ;1922
VAZ;2016
VAZ;2101
VAZ;21011
VAZ;21013
VAZ;2102
VAZ;2103
VAZ;21033
VAZ;2104
VAZ;21043
VAZ;21045
VAZ;21046
VAZ;21047
VAZ;2105
VAZ;21051
VAZ;21053
VAZ;2106
VAZ;21060
VAZ;21061
VAZ;21063
VAZ;21065
VAZ;2107
VAZ;21073
VAZ;21074
VAZ;2108
VAZ;21081
VAZ;21083
VAZ;21086
VAZ;2109
VAZ;21091
VAZ;21093
VAZ;21096
VAZ;21099
VAZ;2110
VAZ;21101
VAZ;21102
VAZ;21103
VAZ;21104
VAZ;21106
VAZ;21108
VAZ;2111
VAZ;21111
VAZ;21112
VAZ;21113
VAZ;21114
VAZ;2112
VAZ;21120
VAZ;21121
VAZ;21122
VAZ;21123
VAZ;21124
VAZ;2113
VAZ;21130
VAZ;2114
VAZ;21140
VAZ;2115
VAZ;21150
VAZ;21150i
VAZ;2120
VAZ;2121
VAZ;21213
VAZ;21214
VAZ;21218
VAZ;212180
VAZ;2123
VAZ;2129
VAZ;2131
VAZ;21312
VAZ;2170
VAZ;2199
VAZ;2328
VAZ;2329
VAZ;2364
VAZ;Autre
VAZ;Roadster
VEM;Autre
VEM;Cargo
VEM;Cover
VEM;Double
VEM;Multi
VEM;Open
VEM;People
VEM;Ribaltabile
Volkswagen;181
Volkswagen;Amarok
Volkswagen;Anfibio
Volkswagen;Arteon
Volkswagen;Autre
Volkswagen;Beetle
Volkswagen;Bora
Volkswagen;Buggy
Volkswagen;Bus
Volkswagen;Caddy
Volkswagen;CC
Volkswagen;Coccinelle
Volkswagen;Corrado
Volkswagen;Crafter
Volkswagen;Cross Touran
Volkswagen;Derby
Volkswagen;Eos
Volkswagen;Escarabajo
Volkswagen;Fox
Volkswagen;Golf (tous)
Volkswagen;Iltis
Volkswagen;Jetta
Volkswagen;Käfer
Volkswagen;Karmann Ghia
Volkswagen;L80
Volkswagen;LT
Volkswagen;Lupo
Volkswagen;Maggiolino
Volkswagen;New Beetle
Volkswagen;Passat (tous)
Volkswagen;Phaeton
Volkswagen;Pointer
Volkswagen;Polo (tous)
Volkswagen;Routan
Volkswagen;Santana
Volkswagen;Scirocco
Volkswagen;Sharan
Volkswagen;T1
Volkswagen;T2
Volkswagen;T3 (tous)
Volkswagen;T4 (tous)
Volkswagen;T5 (tous)
Volkswagen;T6 (tous)
Volkswagen;Taro
Volkswagen;Tiguan
Volkswagen;Touareg
Volkswagen;Touran
Volkswagen;Transporter
Volkswagen;up!
Volkswagen;Vento
Volkswagen;XL1
Volvo;240
Volvo;244
Volvo;245
Volvo;262
Volvo;264
Volvo;265
Volvo;340
Volvo;360
Volvo;440
Volvo;460
Volvo;480
Volvo;740
Volvo;744
Volvo;745
Volvo;760
Volvo;764
Volvo;780
Volvo;850
Volvo;855
Volvo;940
Volvo;944
Volvo;945
Volvo;960
Volvo;965
Volvo;Autre
Volvo;C30
Volvo;C70
Volvo;Polar
Volvo;S40
Volvo;S60
Volvo;S70
Volvo;S80
Volvo;S90
Volvo;V40
Volvo;V40 CC
Volvo;V50
Volvo;V60
Volvo;V70
Volvo;V90
Volvo;XC60
Volvo;XC70
Volvo;XC90
Vortex;Autre
Vortex;Corda
Vortex;Estina
Vortex;Tingo
Wallys;Autre
Wallys;Iris
Wallys;Izis
Wartburg;1.3
Wartburg;1.6
Wartburg;1000
Wartburg;311
Wartburg;312
Wartburg;313
Wartburg;353
Wartburg;Autre
Wartburg;Barkas
Wartburg;Framo
Wartburg;IFA F9
Wartburg;WARTBURG
Westfield;7SE
Westfield;Autre
Westfield;FW400
Westfield;Megablade
Westfield;Megabusa
Westfield;MegaS2000
Westfield;SDV
Westfield;SE
Westfield;SEi
Westfield;Seight
Westfield;Sport
Westfield;Sport Turbo
Westfield;XI
Westfield;XTR2
Westfield;XTR4
Wiesmann;Autre
Wiesmann;MF 28
Wiesmann;MF 3
Wiesmann;MF 30
Wiesmann;MF 4
Wiesmann;MF 5
Zastava;10
Zastava;101
Zastava;1100 TF
Zastava;125 PZ
Zastava;128
Zastava;1300
Zastava;600
Zastava;750
Zastava;850
Zastava;850 AK
Zastava;900 AK
Zastava;Autre
Zastava;Koral
Zastava;Skala
Zastava;Yugo
ZAZ;1102
ZAZ;1103
ZAZ;1105
ZAZ;Autre
ZAZ;Chance
ZAZ;Sense
